SITE,SITE_ID,PATCH,PLOT,SECTION,Quadrat,Area_m2,Perimeter_m,P1A,P2A,IsoperimetricInequality(Q),Species,Height1,Height2,Height3,Height4,Height5,Height6,Height7,Height8,Height9,Height10,HeightAverage,WeightBag,DryWeightAndBag,DryWeight,TotalStemCountQ,StemsTaken,WeightQuadrat_g,EstimateBiomass_Kg,Cfactor(0.45),AreaQuadrat(m2),CarbonAGBM(kgC/m2),Observations
FirstLandingStatePark,FLS,1,1,Edge,1,1535.65,455.15,0.296389151,134.9015222,0.093152178,JuRo,79.4,100.7,94.4,36.5,108.5,103.6,100.1,94.1,96.4,106.4,92.01,47.93,59.3,11.37,111,10,126.207,0.126207,0.45,0.09,0.631035,
FirstLandingStatePark,FLS,1,1,Edge,2,1535.65,455.15,0.296389151,134.9015222,0.093152178,JuRo,105.9,59.8,122.7,34.2,116.1,79.1,86.2,103.8,128.9,119,95.57,47.65,57.37,9.72,60,10,58.32,0.05832,0.45,0.09,0.2916,
FirstLandingStatePark,FLS,1,1,Edge,3,1535.65,455.15,0.296389151,134.9015222,0.093152178,JuRo,43.9,97.1,107.9,95.1,99.5,99.6,111.6,94.7,115.5,80.6,94.55,48.1,59.24,11.14,49,10,54.586,0.054586,0.45,0.09,0.27293,
FirstLandingStatePark,FLS,1,1,Inner,1,1535.65,455.15,0.296389151,134.9015222,0.093152178,JuRo,67.1,77.3,103.2,59.6,64.5,61.6,76.9,41.9,16.1,49.1,61.73,48.08,54.63,6.55,68,10,44.54,0.04454,0.45,0.09,0.2227,
FirstLandingStatePark,FLS,1,1,Inner,2,1535.65,455.15,0.296389151,134.9015222,0.093152178,SpAl,64.3,42.5,98.6,50.3,55,39.1,83.2,34.3,27,16.6,51.09,47.7,60.19,12.49,12,10,14.988,0.014988,0.45,0.09,0.07494,
FirstLandingStatePark,FLS,1,1,Inner,3,1535.65,455.15,0.296389151,134.9015222,0.093152178,JuRo,32.5,84.6,64.9,89.6,116,78,18.6,71.8,61.6,86.8,70.44,47.72,55.09,7.37,52,10,38.324,0.038324,0.45,0.09,0.19162,
FirstLandingStatePark,FLS,1,2,Edge,1,1535.65,455.15,0.296389151,134.9015222,0.093152178,SpAl,72.1,85.7,39.1,71.1,61.3,57.7,19.3,110.5,91.4,13.6,62.18,47.13,77.95,30.82,15,10,46.23,0.04623,0.45,0.09,0.23115,
FirstLandingStatePark,FLS,1,2,Edge,2,1535.65,455.15,0.296389151,134.9015222,0.093152178,JuRo,86.4,63.9,80.2,90.8,87.6,86.2,NA,NA,NA,NA,82.52,47.21,52.53,5.32,34,6,30.14666667,0.030146667,0.45,0.09,0.150733333,
FirstLandingStatePark,FLS,1,2,Edge,2,1535.65,455.15,0.296389151,134.9015222,0.093152178,SpAl,26.5,66.4,41.2,63.4,NA,NA,NA,NA,NA,NA,49.38,47.15,51.74,4.59,17,4,19.5075,0.0195075,0.45,0.09,0.0975375,
FirstLandingStatePark,FLS,1,2,Edge,3,1535.65,455.15,0.296389151,134.9015222,0.093152178,SpAl,97.2,60.5,47.9,56.6,53.6,121.4,48.2,19.1,21.5,49,57.5,47.27,69.31,22.04,20,10,44.08,0.04408,0.45,0.09,0.2204,
FirstLandingStatePark,FLS,1,2,Inner,1,1535.65,455.15,0.296389151,134.9015222,0.093152178,SpAl,52.1,44.4,44.1,51.5,55.2,52.4,30.2,67,30.6,42,46.95,47.22,60.14,12.92,26,10,33.592,0.033592,0.45,0.09,0.16796,
FirstLandingStatePark,FLS,1,2,Inner,2,1535.65,455.15,0.296389151,134.9015222,0.093152178,JuRo,89.9,83.7,86.6,92,87.7,104.6,78.3,96.4,106.6,NA,91.76,47.7,55.57,7.87,51,9,44.59666667,0.044596667,0.45,0.09,0.222983333,
FirstLandingStatePark,FLS,1,2,Inner,3,1535.65,455.15,0.296389151,134.9015222,0.093152178,JuRo,95.1,NA,NA,NA,NA,NA,NA,NA,NA,NA,95.1,6.34,7.03,0.69,6,1,4.14,0.00414,0.45,0.09,0.0207,
FirstLandingStatePark,FLS,1,2,Inner,3,1535.65,455.15,0.296389151,134.9015222,0.093152178,SpAl,166.8,159.2,15.5,22.4,NA,NA,NA,NA,NA,NA,90.98,47.72,70.16,22.44,6,4,33.66,0.03366,0.45,0.09,0.1683,
FirstLandingStatePark,FLS,1,3,Edge,1,1535.65,455.15,0.296389151,134.9015222,0.093152178,JuRo,98.1,63.1,88.2,88.3,65.1,103.3,90.9,67.7,89.6,59.4,81.37,47.25,53.67,6.42,113,10,72.546,0.072546,0.45,0.09,0.36273,
FirstLandingStatePark,FLS,1,3,Edge,2,1535.65,455.15,0.296389151,134.9015222,0.093152178,JuRo,41.4,113,87.5,105.8,103.2,89.9,84.5,101.4,65.2,40.5,83.24,47.61,54.59,6.98,82,10,57.236,0.057236,0.45,0.09,0.28618,
FirstLandingStatePark,FLS,1,3,Edge,3,1535.65,455.15,0.296389151,134.9015222,0.093152178,JuRo,105.1,111.3,115.2,92.3,80,26.4,110.8,69.6,89.6,80.1,88.04,47.77,54.6,6.83,110,10,75.13,0.07513,0.45,0.09,0.37565,
FirstLandingStatePark,FLS,1,3,Inner,1,1535.65,455.15,0.296389151,134.9015222,0.093152178,JuRo,123,124.5,69.4,119.6,131.8,94,111.5,124.8,87.5,120.2,110.63,47.4,62.13,14.73,126,10,185.598,0.185598,0.45,0.09,0.92799,
FirstLandingStatePark,FLS,1,3,Inner,2,1535.65,455.15,0.296389151,134.9015222,0.093152178,JuRo,75.7,110.2,121.1,88.6,111.2,99.8,96.2,76,117.8,42.5,93.91,46.67,58.52,11.85,52,10,61.62,0.06162,0.45,0.09,0.3081,
FirstLandingStatePark,FLS,1,3,Inner,3,1535.65,455.15,0.296389151,134.9015222,0.093152178,JuRo,98,100.8,113.2,122.7,122.9,107.5,93.3,90,116.2,102.3,106.69,47.32,61.77,14.45,86,10,124.27,0.12427,0.45,0.09,0.62135,
FirstLandingStatePark,FLS,2,1,Edge,1,4407.63,744.6,0.168934325,125.7884986,0.099900792,SpAl,55.3,59.2,44.5,56.5,65.5,28.2,63,72.5,NA,NA,55.59,47.99,57.95,9.96,45,8,56.025,0.056025,0.45,0.09,0.280125,
FirstLandingStatePark,FLS,2,1,Edge,2,4407.63,744.6,0.168934325,125.7884986,0.099900792,JuRo,83.1,113.1,125.7,112.2,130.2,58,64.2,97.3,119,82.1,98.49,47.08,62.38,15.3,110,10,168.3,0.1683,0.45,0.09,0.8415,
FirstLandingStatePark,FLS,2,1,Edge,2,4407.63,744.6,0.168934325,125.7884986,0.099900792,SpAl,85.7,NA,NA,NA,NA,NA,NA,NA,NA,NA,85.7,6.22,10.47,4.25,8,1,34,0.034,0.45,0.09,0.17,
FirstLandingStatePark,FLS,2,1,Edge,3,4407.63,744.6,0.168934325,125.7884986,0.099900792,JuRo,105.3,100.1,57.7,82.1,92.1,119,NA,NA,NA,NA,92.72,47.7,48.75,1.05,15,6,2.625,0.002625,0.45,0.09,0.013125,
FirstLandingStatePark,FLS,2,1,Edge,3,4407.63,744.6,0.168934325,125.7884986,0.099900792,SpAl,27.9,64.1,78.8,122.3,99.5,,,,,,78.52,6.47,15.03,8.56,23,5,39.376,0.039376,0.45,0.09,0.19688,
FirstLandingStatePark,FLS,2,1,Inner,1,4407.63,744.6,0.168934325,125.7884986,0.099900792,JuRo,99.3,95.5,115.5,102.5,104.4,20.4,107.9,97.6,104.1,105.3,95.25,47.18,59.51,12.33,122,10,150.426,0.150426,0.45,0.09,0.75213,
FirstLandingStatePark,FLS,2,1,Inner,2,4407.63,744.6,0.168934325,125.7884986,0.099900792,JuRo,55.4,112.9,108.1,79.5,100,109.8,94.5,103.8,128.5,72.5,96.5,48.54,59.81,11.27,57,10,64.239,0.064239,0.45,0.09,0.321195,
FirstLandingStatePark,FLS,2,1,Inner,3,4407.63,744.6,0.168934325,125.7884986,0.099900792,JuRo,74.5,83.2,96,78.7,89.1,124.2,88.1,101.9,97,94.1,92.68,47.12,58.51,11.39,47,10,53.533,0.053533,0.45,0.09,0.267665,
FirstLandingStatePark,FLS,2,2,Edge,1,4407.63,744.6,0.168934325,125.7884986,0.099900792,JuRo,40.9,85.5,62.9,51.5,NA,NA,NA,NA,NA,NA,60.2,6.39,9.58,3.19,4,4,3.19,0.00319,0.45,0.09,0.01595,
FirstLandingStatePark,FLS,2,2,Edge,1,4407.63,744.6,0.168934325,125.7884986,0.099900792,SpAl,80.5,94.1,77.2,20.7,55,44.1,NA,NA,NA,NA,61.93,48.74,68.21,19.47,14,6,45.43,0.04543,0.45,0.09,0.22715,
FirstLandingStatePark,FLS,2,2,Edge,2,4407.63,744.6,0.168934325,125.7884986,0.099900792,JuRo,78.1,30.1,44.2,98,68.4,89.2,26.1,79.3,103.5,NA,68.54,48.61,54.33,5.72,37,9,23.51555556,0.023515556,0.45,0.09,0.117577778,
FirstLandingStatePark,FLS,2,2,Edge,2,4407.63,744.6,0.168934325,125.7884986,0.099900792,SpAl,33.9,NA,NA,NA,NA,NA,NA,NA,NA,NA,33.9,6.32,8.67,2.35,7,1,16.45,0.01645,0.45,0.09,0.08225,
FirstLandingStatePark,FLS,2,2,Edge,3,4407.63,744.6,0.168934325,125.7884986,0.099900792,JuRo,34.1,84.2,75.2,78.1,87.7,95.1,99.1,62.1,97.3,16.1,72.9,48.28,55.16,6.88,80,10,55.04,0.05504,0.45,0.09,0.2752,
FirstLandingStatePark,FLS,2,2,Edge,3,4407.63,744.6,0.168934325,125.7884986,0.099900792,SpAl,100.2,56.9,NA,NA,NA,NA,NA,NA,NA,NA,78.55,6.47,15.03,8.56,7,2,29.96,0.02996,0.45,0.09,0.1498,
FirstLandingStatePark,FLS,2,2,Inner,1,4407.63,744.6,0.168934325,125.7884986,0.099900792,JuRo,123.5,113.1,98.1,107.5,79.1,127.5,106.8,100.5,38.5,NA,99.4,47.28,59.57,12.29,91,9,124.2655556,0.124265556,0.45,0.09,0.621327778,
FirstLandingStatePark,FLS,2,2,Inner,2,4407.63,744.6,0.168934325,125.7884986,0.099900792,JuRo,29.8,116.5,31.2,90.6,73,33.2,91,110,82,,73.03,48.35,49.74,1.39,60,9,9.266666667,0.009266667,0.45,0.09,0.046333333,
FirstLandingStatePark,FLS,2,2,Inner,2,4407.63,744.6,0.168934325,125.7884986,0.099900792,SpAl,84.2,NA,NA,NA,NA,NA,NA,NA,NA,NA,84.2,6.45,9.9,3.45,8,1,27.6,0.0276,0.45,0.09,0.138,
FirstLandingStatePark,FLS,2,2,Inner,3,4407.63,744.6,0.168934325,125.7884986,0.099900792,JuRo,31.5,129.1,21.1,114.5,112.8,110.5,128.3,110.3,115.11,86.9,96.01,48.1,58.81,10.71,72,10,77.112,0.077112,0.45,0.09,0.38556,
FirstLandingStatePark,FLS,2,3,Edge,1,4407.63,744.6,0.168934325,125.7884986,0.099900792,JuRo,134.5,31,22.4,72.1,149.5,143.8,140.2,133.5,106.5,75.2,100.87,48.58,60.3,11.72,79,10,92.588,0.092588,0.45,0.09,0.46294,
FirstLandingStatePark,FLS,2,3,Edge,2,4407.63,744.6,0.168934325,125.7884986,0.099900792,JuRo,118.5,132.4,78.7,95.1,80.5,132.1,64.2,106.5,86.2,NA,99.36,48.18,61.73,13.55,70,9,105.3888889,0.105388889,0.45,0.09,0.526944444,
FirstLandingStatePark,FLS,2,3,Edge,3,4407.63,744.6,0.168934325,125.7884986,0.099900792,JuRo,90.3,91.1,92.5,108.3,99.4,NA,NA,NA,NA,NA,96.32,48.74,49.94,1.2,10,5,2.4,0.0024,0.45,0.09,0.012,
FirstLandingStatePark,FLS,2,3,Edge,3,4407.63,744.6,0.168934325,125.7884986,0.099900792,SpAl,78.6,92.1,55.4,66.1,21.5,NA,NA,NA,NA,NA,62.74,48.73,53.93,5.2,14,5,14.56,0.01456,0.45,0.09,0.0728,
FirstLandingStatePark,FLS,2,3,Inner,1,4407.63,744.6,0.168934325,125.7884986,0.099900792,JuRo,57.8,124.5,75.3,143.1,117.1,98.1,97.1,114.2,91,107,102.52,48.42,57.09,8.67,79,10,68.493,0.068493,0.45,0.09,0.342465,
FirstLandingStatePark,FLS,2,3,Inner,2,4407.63,744.6,0.168934325,125.7884986,0.099900792,JuRo,99.6,68.9,107.5,124.8,117,118.5,76.5,90.1,19.1,NA,91.33,48.38,55.05,6.67,44,9,32.60888889,0.032608889,0.45,0.09,0.163044444,
FirstLandingStatePark,FLS,2,3,Inner,2,4407.63,744.6,0.168934325,125.7884986,0.099900792,SpAl,82.9,NA,NA,NA,NA,NA,NA,NA,NA,NA,82.9,6.43,8.6,2.17,5,1,10.85,0.01085,0.45,0.09,0.05425,
FirstLandingStatePark,FLS,2,3,Inner,3,4407.63,744.6,0.168934325,125.7884986,0.099900792,JuRo,107.8,43.5,29.1,25.3,131.2,106.5,110.5,124.5,137.7,NA,90.68,48.75,56.16,7.41,35,9,28.81666667,0.028816667,0.45,0.09,0.144083333,
FirstLandingStatePark,FLS,2,3,Inner,3,4407.63,744.6,0.168934325,125.7884986,0.099900792,SpAl,58.4,NA,NA,NA,NA,NA,NA,NA,NA,NA,58.4,6.42,7.36,0.94,1,1,0.94,0.00094,0.45,0.09,0.0047,
FirstLandingStatePark,FLS,3,1,Edge,1,1917.08,496.73,0.259107601,128.7065187,0.097635852,SpAl,128.4,60.2,87.8,67.1,77.9,15.1,18.5,15.2,43.9,NA,57.12,48.26,63.56,15.3,15,9,25.5,0.0255,0.45,0.09,0.1275,
FirstLandingStatePark,FLS,3,1,Edge,2,1917.08,496.73,0.259107601,128.7065187,0.097635852,SpAl,80.7,27.1,42,26,38.7,24.8,23.1,43.2,NA,NA,38.2,47.95,51.96,4.01,24,8,12.03,0.01203,0.45,0.09,0.06015,
FirstLandingStatePark,FLS,3,1,Edge,3,1917.08,496.73,0.259107601,128.7065187,0.097635852,JuRo,21.9,82.6,68.94,44.9,NA,NA,NA,NA,NA,NA,54.59,6.47,8.19,1.72,13,4,5.59,0.00559,0.45,0.09,0.02795,
FirstLandingStatePark,FLS,3,1,Edge,3,1917.08,496.73,0.259107601,128.7065187,0.097635852,SpAl,19.7,137.7,63.4,74.5,87.6,18.5,NA,NA,NA,NA,66.9,48.13,58.09,9.96,36,6,59.76,0.05976,0.45,0.09,0.2988,
FirstLandingStatePark,FLS,3,1,Inner,1,1917.08,496.73,0.259107601,128.7065187,0.097635852,JuRo,83.5,119.9,113.1,103.2,114.9,99.8,87.7,118.2,NA,NA,105.04,47.64,56.68,9.04,89,8,100.57,0.10057,0.45,0.09,0.50285,
FirstLandingStatePark,FLS,3,1,Inner,1,1917.08,496.73,0.259107601,128.7065187,0.097635852,SpAl,133.4,19.3,NA,NA,NA,NA,NA,NA,NA,NA,76.35,47.62,56.84,9.22,22,2,101.42,0.10142,0.45,0.09,0.5071,
FirstLandingStatePark,FLS,3,1,Inner,2,1917.08,496.73,0.259107601,128.7065187,0.097635852,JuRo,118.5,49.4,125.9,98.6,74.9,117.1,122.8,51.8,111.3,119.8,99.01,47.76,58.42,10.66,60,10,63.96,0.06396,0.45,0.09,0.3198,
FirstLandingStatePark,FLS,3,1,Inner,2,1917.08,496.73,0.259107601,128.7065187,0.097635852,SpAl,150.1,NA,NA,NA,NA,NA,NA,NA,NA,NA,150.1,48.09,58.42,10.33,19,1,196.27,0.19627,0.45,0.09,0.98135,
FirstLandingStatePark,FLS,3,1,Inner,3,1917.08,496.73,0.259107601,128.7065187,0.097635852,JuRo,32.2,76.4,111.5,118.3,101.4,114.8,112.9,113.7,99.2,117.1,99.75,48.37,59.44,11.07,71,10,78.597,0.078597,0.45,0.09,0.392985,
FirstLandingStatePark,FLS,3,2,Edge,1,1917.08,496.73,0.259107601,128.7065187,0.097635852,JuRo,113,NA,NA,NA,NA,NA,NA,NA,NA,NA,113,6.51,9.19,2.68,2,1,5.36,0.00536,0.45,0.09,0.0268,
FirstLandingStatePark,FLS,3,2,Edge,1,1917.08,496.73,0.259107601,128.7065187,0.097635852,SpAl,15.1,12.3,22.2,20.6,45.2,61,122.9,71.3,22.9,NA,43.72,45.5,62.75,17.25,23,9,44.08333333,0.044083333,0.45,0.09,0.220416667,
FirstLandingStatePark,FLS,3,2,Edge,2,1917.08,496.73,0.259107601,128.7065187,0.097635852,JuRo,79.1,74.1,77.1,NA,NA,NA,NA,NA,NA,NA,76.77,48.26,49.75,1.49,9,3,4.47,0.00447,0.45,0.09,0.02235,
FirstLandingStatePark,FLS,3,2,Edge,2,1917.08,496.73,0.259107601,128.7065187,0.097635852,SpAl,66.1,85.2,75.5,79.8,29.1,54,77.5,NA,NA,NA,66.74,48.22,62.19,13.97,38,7,75.83714286,0.075837143,0.45,0.09,0.379185714,
FirstLandingStatePark,FLS,3,2,Edge,3,1917.08,496.73,0.259107601,128.7065187,0.097635852,JuRo,56.5,96,74.2,32.6,98.3,NA,NA,NA,NA,NA,71.52,6.43,12.04,5.61,26,5,29.172,0.029172,0.45,0.09,0.14586,
FirstLandingStatePark,FLS,3,2,Edge,3,1917.08,496.73,0.259107601,128.7065187,0.097635852,SpAl,83.4,80.2,29.8,58.5,NA,NA,NA,NA,NA,NA,62.98,6.45,15.83,9.38,42,4,98.49,0.09849,0.45,0.09,0.49245,
FirstLandingStatePark,FLS,3,2,Inner,1,1917.08,496.73,0.259107601,128.7065187,0.097635852,JuRo,82.4,130.2,103.7,116.6,112.9,132.9,114.6,93.3,115.1,81.6,108.33,48.46,66.37,17.91,126,10,225.666,0.225666,0.45,0.09,1.12833,
FirstLandingStatePark,FLS,3,2,Inner,2,1917.08,496.73,0.259107601,128.7065187,0.097635852,JuRo,124.9,95.5,121.7,92.3,106.8,87.7,95.2,81.2,35.2,,93.39,48.51,55.01,6.5,72,9,52,0.052,0.45,0.09,0.26,
FirstLandingStatePark,FLS,3,2,Inner,3,1917.08,496.73,0.259107601,128.7065187,0.097635852,JuRo,97.3,108.5,129.7,112.6,79.7,87.5,128.9,113.8,118.5,11.6,98.81,48.32,62.08,13.76,132,10,181.632,0.181632,0.45,0.09,0.90816,
FirstLandingStatePark,FLS,3,3,Edge,1,1917.08,496.73,0.259107601,128.7065187,0.097635852,JuRo,19.4,142.7,144.5,118,120.6,109.2,106.1,119.5,110.5,110,110.05,48.24,63.76,15.52,10,10,15.52,0.01552,0.45,0.09,0.0776,
FirstLandingStatePark,FLS,3,3,Edge,1,1917.08,496.73,0.259107601,128.7065187,0.097635852,SpAl,27.2,47.1,15.9,59,32.6,45.6,11.8,12.7,17.7,14.4,28.4,48.46,59.09,10.63,10,10,10.63,0.01063,0.45,0.09,0.05315,
FirstLandingStatePark,FLS,3,3,Edge,2,1917.08,496.73,0.259107601,128.7065187,0.097635852,JuRo,104.2,84,83,110.5,76.6,NA,NA,NA,NA,NA,91.66,43.51,51.79,8.28,23,5,38.088,0.038088,0.45,0.09,0.19044,
FirstLandingStatePark,FLS,3,3,Edge,2,1917.08,496.73,0.259107601,128.7065187,0.097635852,SpAl,24,87,77.8,88.1,NA,NA,NA,NA,NA,NA,69.23,48.04,57.67,9.63,23,4,55.3725,0.0553725,0.45,0.09,0.2768625,
FirstLandingStatePark,FLS,3,3,Edge,3,1917.08,496.73,0.259107601,128.7065187,0.097635852,SpAl,117.4,17.2,21,84.9,87.1,65,76.4,74.3,NA,NA,67.91,48.29,73.55,25.26,31,8,97.8825,0.0978825,0.45,0.09,0.4894125,
FirstLandingStatePark,FLS,3,3,Inner,1,1917.08,496.73,0.259107601,128.7065187,0.097635852,JuRo,19.4,142.7,144.5,118,120.6,109.2,106.1,119.5,110.5,110,110.05,48.24,63.76,15.52,101,10,156.752,0.156752,0.45,0.09,0.78376,
FirstLandingStatePark,FLS,3,3,Inner,2,1917.08,496.73,0.259107601,128.7065187,0.097635852,JuRo,112,137.3,127.8,125.7,122.7,153.2,131.6,138.3,109.2,NA,128.64,48.09,67.69,19.6,104,9,226.4888889,0.226488889,0.45,0.09,1.132444444,
FirstLandingStatePark,FLS,3,3,Inner,3,1917.08,496.73,0.259107601,128.7065187,0.097635852,JuRo,107,106.9,101.3,110.7,149.2,148.8,124.4,134.4,132.7,114.8,123.02,48.45,72.04,23.59,103,10,242.977,0.242977,0.45,0.09,1.214885,
GrandviewNaturePreserve,GNP,1,1,Edge,1,2654.49,612.77,0.230842836,141.4535647,0.088837426,SpAl,103.6,92.8,85.9,91.6,78.3,62.5,41.6,31.7,101.8,99.6,78.94,47.81,84.65,36.84,54,10,198.936,0.198936,0.45,0.09,0.99468,
GrandviewNaturePreserve,GNP,1,1,Edge,2,2654.49,612.77,0.230842836,141.4535647,0.088837426,SpAl,17.7,39.6,35.9,52.3,64.2,74.1,65.7,104.3,118.4,124.7,69.69,47.86,78.28,30.42,30,10,91.26,0.09126,0.45,0.09,0.4563,
GrandviewNaturePreserve,GNP,1,1,Edge,3,2654.49,612.77,0.230842836,141.4535647,0.088837426,SpAl,113.4,61.3,97.1,109.4,122.8,120.3,113.2,116.6,94.1,122,107.02,47.9,119.99,72.09,49,10,353.241,0.353241,0.45,0.09,1.766205,
GrandviewNaturePreserve,GNP,1,1,Inner,1,2654.49,612.77,0.230842836,141.4535647,0.088837426,SpAl,6.8,11.2,12.3,14.5,16.7,17.5,18.4,21.1,17,23.7,15.92,48.77,51.8,3.03,30,10,9.09,0.00909,0.45,0.09,0.04545,
GrandviewNaturePreserve,GNP,1,1,Inner,2,2654.49,612.77,0.230842836,141.4535647,0.088837426,SpAl,12.9,18,18.4,20.5,26.4,31.7,33.7,36.2,30.3,32.7,26.08,47.7,50.55,2.85,37,10,10.545,0.010545,0.45,0.09,0.052725,
GrandviewNaturePreserve,GNP,1,1,Inner,3,2654.49,612.77,0.230842836,141.4535647,0.088837426,SpAl,7.5,6.9,12,13.5,14.2,15.9,18.7,21.7,24.6,31.8,16.68,47.75,48.4,0.65,32,10,2.08,0.00208,0.45,0.09,0.0104,
GrandviewNaturePreserve,GNP,1,2,Edge,1,2654.49,612.77,0.230842836,141.4535647,0.088837426,SpAl,23.1,93.4,100.3,67.6,54.2,83.4,72.1,69.8,74.6,100.6,73.91,47.71,82.62,34.91,31,10,108.221,0.108221,0.45,0.09,0.541105,
GrandviewNaturePreserve,GNP,1,2,Edge,2,2654.49,612.77,0.230842836,141.4535647,0.088837426,SpAl,19,34.7,51.8,51.4,50.4,54.7,59.4,52.9,66.6,87.8,52.87,47.59,65.28,17.69,42,10,74.298,0.074298,0.45,0.09,0.37149,
GrandviewNaturePreserve,GNP,1,2,Edge,3,2654.49,612.77,0.230842836,141.4535647,0.088837426,SpAl,45.4,54.3,49.2,49.8,57.5,62.6,57.6,73.3,70.8,78.1,59.86,47.69,66.96,19.27,39,10,75.153,0.075153,0.45,0.09,0.375765,
GrandviewNaturePreserve,GNP,1,2,Inner,1,2654.49,612.77,0.230842836,141.4535647,0.088837426,SpAl,44.1,43.3,30.5,35.2,24,26.3,18.5,19.4,16.1,30.1,28.75,47.95,54.19,6.24,46,10,28.704,0.028704,0.45,0.09,0.14352,
GrandviewNaturePreserve,GNP,1,2,Inner,2,2654.49,612.77,0.230842836,141.4535647,0.088837426,SpAl,24,19.9,23.2,21.3,20.4,20.6,26.3,13.6,23.9,12,20.52,47.69,48.17,0.48,56,10,2.688,0.002688,0.45,0.09,0.01344,
GrandviewNaturePreserve,GNP,1,2,Inner,3,2654.49,612.77,0.230842836,141.4535647,0.088837426,SpAl,41,36.2,50.8,29.6,29.7,32.8,24.1,15.4,29.9,20.8,31.03,47.63,51.9,4.27,86,10,36.722,0.036722,0.45,0.09,0.18361,
GrandviewNaturePreserve,GNP,1,3,Edge,1,2654.49,612.77,0.230842836,141.4535647,0.088837426,SpAl,34.2,102.5,71.2,86.7,106.2,65.9,39.9,54,34.3,19.8,61.47,48.41,72.96,24.55,23,10,56.465,0.056465,0.45,0.09,0.282325,
GrandviewNaturePreserve,GNP,1,3,Edge,2,2654.49,612.77,0.230842836,141.4535647,0.088837426,SpAl,106.7,97.1,82.9,85.1,64.8,80.5,83.7,87.1,106.8,64.3,85.9,48.42,89.97,41.55,57,10,236.835,0.236835,0.45,0.09,1.184175,
GrandviewNaturePreserve,GNP,1,3,Edge,3,2654.49,612.77,0.230842836,141.4535647,0.088837426,SpAl,99.7,80.2,95.7,64.7,57.4,41.4,64.5,62,21.9,46.9,63.44,48.89,74.95,26.06,41,10,106.846,0.106846,0.45,0.09,0.53423,
GrandviewNaturePreserve,GNP,1,3,Inner,1,2654.49,612.77,0.230842836,141.4535647,0.088837426,SpAl,35.7,18.5,31.6,17.2,13.3,50.5,42.8,49.2,47.9,19.1,32.58,48.43,54.09,5.66,48,10,27.168,0.027168,0.45,0.09,0.13584,
GrandviewNaturePreserve,GNP,1,3,Inner,2,2654.49,612.77,0.230842836,141.4535647,0.088837426,SpAl,36.4,19.1,50,14.2,29,26.5,22.8,10.6,10.4,12.8,23.18,48.68,49.47,0.79,54,10,4.266,0.004266,0.45,0.09,0.02133,
GrandviewNaturePreserve,GNP,1,3,Inner,3,2654.49,612.77,0.230842836,141.4535647,0.088837426,SpAl,38.5,36.4,36.6,31.8,38.9,48.8,21.1,20.2,21.2,50.6,34.41,48.99,55.17,6.18,47,10,29.046,0.029046,0.45,0.09,0.14523,
GrandviewNaturePreserve,GNP,2,1,Edge,1,14652.67,1403.38,0.095776401,134.4106859,0.093492348,SpAl,19.8,32.9,33.2,47.5,52.3,58.6,71.4,60.6,88.4,85.7,55.04,48.45,71.02,22.57,37,10,83.509,0.083509,0.45,0.09,0.417545,
GrandviewNaturePreserve,GNP,2,1,Edge,2,14652.67,1403.38,0.095776401,134.4106859,0.093492348,SpAl,58.4,41.6,49.4,71.1,103,76.2,87.2,62.4,62.1,85.2,69.66,48.5,78.74,30.24,32,10,96.768,0.096768,0.45,0.09,0.48384,
GrandviewNaturePreserve,GNP,2,1,Edge,3,14652.67,1403.38,0.095776401,134.4106859,0.093492348,SpAl,19.9,21.9,34.8,36.1,43.7,49.8,48.3,64.4,58.5,65.1,44.25,48.59,58.47,9.88,38,10,37.544,0.037544,0.45,0.09,0.18772,
GrandviewNaturePreserve,GNP,2,1,Inner,1,14652.67,1403.38,0.095776401,134.4106859,0.093492348,SpAl,28.7,30.6,37.3,46.9,46.6,93.6,57.2,68.4,62.6,128.3,60.02,48.2,70.48,22.28,42,10,93.576,0.093576,0.45,0.09,0.46788,
GrandviewNaturePreserve,GNP,2,1,Inner,2,14652.67,1403.38,0.095776401,134.4106859,0.093492348,SpAl,25.1,34.9,44.6,44.8,57.8,58.9,56.7,77.9,89.7,100.2,59.06,48.37,67.24,18.87,38,10,71.706,0.071706,0.45,0.09,0.35853,
GrandviewNaturePreserve,GNP,2,1,Inner,3,14652.67,1403.38,0.095776401,134.4106859,0.093492348,SpAl,66.3,21.5,38.4,44.3,37.7,55.5,51.5,62.4,53.2,70.8,50.16,48.31,65.68,17.37,57,10,99.009,0.099009,0.45,0.09,0.495045,
GrandviewNaturePreserve,GNP,2,2,Edge,1,14652.67,1403.38,0.095776401,134.4106859,0.093492348,SpAl,18.4,30.6,39.3,28.1,27.4,33.8,40.1,47.7,58.1,57.5,38.1,48.3,57.73,9.43,39,10,36.777,0.036777,0.45,0.09,0.183885,
GrandviewNaturePreserve,GNP,2,2,Edge,2,14652.67,1403.38,0.095776401,134.4106859,0.093492348,SpAl,31.9,31.4,42.5,49,52.7,58.2,59.5,63.8,73.1,66.1,52.82,49.35,66.23,16.88,60,10,101.28,0.10128,0.45,0.09,0.5064,
GrandviewNaturePreserve,GNP,2,2,Edge,3,14652.67,1403.38,0.095776401,134.4106859,0.093492348,SpAl,26.7,27.7,28.6,36.2,44.7,51.1,61.5,57.5,59.6,59.7,45.33,49.21,65.63,16.42,31,10,50.902,0.050902,0.45,0.09,0.25451,
GrandviewNaturePreserve,GNP,2,2,Inner,1,14652.67,1403.38,0.095776401,134.4106859,0.093492348,SpAl,27.1,36,40.2,38.6,48.7,64.3,66.6,85.9,67.1,78.8,55.33,49.82,64.02,14.2,53,10,75.26,0.07526,0.45,0.09,0.3763,
GrandviewNaturePreserve,GNP,2,2,Inner,2,14652.67,1403.38,0.095776401,134.4106859,0.093492348,SpAl,56.4,75.2,86.1,71.5,81.4,93.5,88.5,90,87.7,89.6,81.99,49.69,81.04,31.35,56,10,175.56,0.17556,0.45,0.09,0.8778,
GrandviewNaturePreserve,GNP,2,2,Inner,3,14652.67,1403.38,0.095776401,134.4106859,0.093492348,SpAl,45.4,46.6,55.2,61.7,61.1,60.7,65.7,71.6,68.9,109.5,64.64,49.7,64.97,15.27,68,10,103.836,0.103836,0.45,0.09,0.51918,
GrandviewNaturePreserve,GNP,2,3,Edge,1,14652.67,1403.38,0.095776401,134.4106859,0.093492348,SpAl,26.4,39.1,38.4,48.3,59.5,58.3,64.2,69.2,73.4,71,54.78,49.35,67.86,18.51,29,10,53.679,0.053679,0.45,0.09,0.268395,
GrandviewNaturePreserve,GNP,2,3,Edge,2,14652.67,1403.38,0.095776401,134.4106859,0.093492348,SpAl,50.6,64.5,61.6,60.7,56.8,73.6,66.4,79.8,81.1,92.9,68.8,49.51,82.77,33.26,48,10,159.648,0.159648,0.45,0.09,0.79824,
GrandviewNaturePreserve,GNP,2,3,Edge,3,14652.67,1403.38,0.095776401,134.4106859,0.093492348,SpAl,24.5,39.1,43.2,58.2,50.5,51.4,58.1,66.9,73.3,78.3,54.35,49.5,63.72,14.22,43,10,61.146,0.061146,0.45,0.09,0.30573,
GrandviewNaturePreserve,GNP,2,3,Inner,1,14652.67,1403.38,0.095776401,134.4106859,0.093492348,SpAl,67.2,29,37.4,49.2,51.4,81.2,91.9,39.4,101.2,95,64.29,49.16,68.79,19.63,41,10,80.483,0.080483,0.45,0.09,0.402415,
GrandviewNaturePreserve,GNP,2,3,Inner,2,14652.67,1403.38,0.095776401,134.4106859,0.093492348,SpAl,29.6,42.4,51.9,59,62.3,68.1,76,83.6,83.4,88.3,64.46,49.24,71.62,22.38,48,10,107.424,0.107424,0.45,0.09,0.53712,
GrandviewNaturePreserve,GNP,2,3,Inner,3,14652.67,1403.38,0.095776401,134.4106859,0.093492348,SpAl,26.5,42.1,42.5,47.5,52.1,54.9,57.8,62.9,59.6,66.1,51.2,49.43,61.25,11.82,43,10,50.826,0.050826,0.45,0.09,0.25413,
GrandviewNaturePreserve,GNP,3,1,Edge,1,3676.29,548.02,0.149068762,81.69266309,0.15382496,SpPat,16.9,25.9,24.9,21.9,24.6,19.1,32.9,38,11.6,37,25.28,47.6,49.07,1.47,521,10,76.587,0.076587,0.45,0.09,0.382935,
GrandviewNaturePreserve,GNP,3,1,Edge,2,3676.29,548.02,0.149068762,81.69266309,0.15382496,SpPat,15.5,37.1,37.6,9,34,35.7,27.5,23.1,25,7.8,25.23,47.59,49.18,1.59,216,10,34.344,0.034344,0.45,0.09,0.17172,
GrandviewNaturePreserve,GNP,3,1,Edge,3,3676.29,548.02,0.149068762,81.69266309,0.15382496,SpPat,38.4,32.4,14.3,51.6,27.4,29.5,17.6,20.4,16.7,27.4,27.57,47.44,48.98,1.54,556,10,85.624,0.085624,0.45,0.09,0.42812,
GrandviewNaturePreserve,GNP,3,1,Inner,1,3676.29,548.02,0.149068762,81.69266309,0.15382496,SpPat,45.7,42.8,55.5,39,48.8,38.4,33.4,57,34.5,22.5,41.76,47.91,48.98,1.07,256,10,27.392,0.027392,0.45,0.09,0.13696,
GrandviewNaturePreserve,GNP,3,1,Inner,2,3676.29,548.02,0.149068762,81.69266309,0.15382496,SpPat,52,29,43.9,58,40,37.2,43,48.8,22.3,38.5,41.27,47.59,47.69,0.1,672,10,6.72,0.00672,0.45,0.09,0.0336,
GrandviewNaturePreserve,GNP,3,1,Inner,3,3676.29,548.02,0.149068762,81.69266309,0.15382496,DiSpi,14.6,22.8,18.9,9.5,17,18.4,20,21,26.4,24.8,19.34,48.1,49.28,1.18,284,10,33.512,0.033512,0.45,0.09,0.16756,
GrandviewNaturePreserve,GNP,3,2,Edge,1,3676.29,548.02,0.149068762,81.69266309,0.15382496,JuRo,70.5,132.6,125.6,101,76.9,84.8,106.3,106.2,77.6,71.7,95.32,47.8,57.95,10.15,190,10,192.85,0.19285,0.45,0.09,0.96425,
GrandviewNaturePreserve,GNP,3,2,Edge,2,3676.29,548.02,0.149068762,81.69266309,0.15382496,DiSpi,19.7,17.1,17.6,21.5,38,32,28.5,16,7.8,7.7,20.59,47.42,48.89,1.47,110,10,16.17,0.01617,0.45,0.09,0.08085,
GrandviewNaturePreserve,GNP,3,2,Edge,3,3676.29,548.02,0.149068762,81.69266309,0.15382496,SpPat,21.1,46.7,44,35,59.1,49.4,50.9,36.9,19.2,14.5,37.68,47.75,50.01,2.26,59,10,13.334,0.013334,0.45,0.09,0.06667,
GrandviewNaturePreserve,GNP,3,2,Edge,3,3676.29,548.02,0.149068762,81.69266309,0.15382496,JuRo,37.3,94.3,67.2,115.3,104,103.9,115,45.3,83.6,91.7,85.76,47.55,56.22,8.67,148,10,128.316,0.128316,0.45,0.09,0.64158,
GrandviewNaturePreserve,GNP,3,2,Inner,1,3676.29,548.02,0.149068762,81.69266309,0.15382496,DiSpi,13.9,20.6,24.9,NA,NA,NA,NA,NA,NA,NA,19.8,6.26,6.63,0.37,20,3,2.466666667,0.002466667,0.45,0.09,0.012333333,
GrandviewNaturePreserve,GNP,3,2,Inner,1,3676.29,548.02,0.149068762,81.69266309,0.15382496,SpPat,15.6,21.7,22.2,27.1,27.2,32.3,54.7,50.9,7.6,NA,28.81,47.49,50.15,2.66,361,9,106.6955556,0.106695556,0.45,0.09,0.533477778,
GrandviewNaturePreserve,GNP,3,2,Inner,2,3676.29,548.02,0.149068762,81.69266309,0.15382496,DiSpi,15.3,9.1,11.9,9.8,7,NA,NA,NA,NA,NA,10.62,6.28,6.55,0.27,5,5,0.27,0.00027,0.45,0.09,0.00135,
GrandviewNaturePreserve,GNP,3,2,Inner,2,3676.29,548.02,0.149068762,81.69266309,0.15382496,SpPat,14.3,15.2,23.4,26.7,28.3,28.6,31.6,35.4,37.1,23.7,26.43,47,48.68,1.68,443,10,74.424,0.074424,0.45,0.09,0.37212,
GrandviewNaturePreserve,GNP,3,2,Inner,3,3676.29,548.02,0.149068762,81.69266309,0.15382496,SpPat,6.1,9.2,12.7,14.3,22.9,23.6,15.8,34.1,28.7,9.1,17.65,49,49.9,0.9,239,10,21.51,0.02151,0.45,0.09,0.10755,
GrandviewNaturePreserve,GNP,3,3,Edge,1,3676.29,548.02,0.149068762,81.69266309,0.15382496,SpPat,16.5,26.9,39.7,45.5,47.7,50,50.2,74.3,71.1,36.7,45.86,48.25,49.42,1.17,396,10,46.332,0.046332,0.45,0.09,0.23166,
GrandviewNaturePreserve,GNP,3,3,Edge,2,3676.29,548.02,0.149068762,81.69266309,0.15382496,SpPat,22.5,24.6,27.1,31.9,37.2,52.4,54.1,69.2,62.3,68.7,45,48.07,48.95,0.88,733,10,64.504,0.064504,0.45,0.09,0.32252,
GrandviewNaturePreserve,GNP,3,3,Edge,3,3676.29,548.02,0.149068762,81.69266309,0.15382496,SpPat,28.4,21.9,22.9,26.1,38.7,46.4,55.3,54.2,54.9,38.6,38.74,47.98,48.65,0.67,372,10,24.924,0.024924,0.45,0.09,0.12462,
GrandviewNaturePreserve,GNP,3,3,Inner,1,3676.29,548.02,0.149068762,81.69266309,0.15382496,JuRo,20.9,27.9,73.5,115.2,113,136.5,112.3,118,119.6,123.1,96,48.95,59.93,10.98,218,10,239.364,0.239364,0.45,0.09,1.19682,
GrandviewNaturePreserve,GNP,3,3,Inner,2,3676.29,548.02,0.149068762,81.69266309,0.15382496,SpPat,24.3,26.2,34.3,38.2,43,43.1,50.9,42.2,47.9,43.5,39.36,49.27,51.3,2.03,208,10,42.224,0.042224,0.45,0.09,0.21112,
GrandviewNaturePreserve,GNP,3,3,Inner,3,3676.29,548.02,0.149068762,81.69266309,0.15382496,JuRo,19.7,35.3,50.1,60.2,81.1,82.8,90.6,81.3,124.3,90.2,71.56,47.25,52.29,5.04,171,10,86.184,0.086184,0.45,0.09,0.43092,
GrandviewNaturePreserve,GNP,3,3,Inner,3,3676.29,548.02,0.149068762,81.69266309,0.15382496,SpPat,19.5,21.6,27.4,31.5,56.5,39.2,56.2,56.6,63.4,65.3,43.72,48.91,49.91,1,136,10,13.6,0.0136,0.45,0.09,0.068,
MachicomocoStatePark,MAC,1,1,Edge,1,757.17,219.36,0.289710369,63.55086652,0.197737203,SpAl,70,61.4,89.8,56.1,48.1,46.1,23.4,13.8,13.1,11,43.28,48.51,58.9,10.39,25,10,25.975,0.025975,0.45,0.09,0.129875,
MachicomocoStatePark,MAC,1,1,Edge,2,757.17,219.36,0.289710369,63.55086652,0.197737203,SpAl,85.8,63.7,74.6,84.5,75.1,17,57.9,NA,NA,NA,65.51,47.02,61.07,14.05,12,7,24.08571429,0.024085714,0.45,0.09,0.120428571,
MachicomocoStatePark,MAC,1,1,Edge,3,757.17,219.36,0.289710369,63.55086652,0.197737203,SpAl,50,35.9,40.1,50.1,49.8,38.4,51.5,43.6,13,10,38.24,48.81,54.45,5.64,19,10,10.716,0.010716,0.45,0.09,0.05358,
MachicomocoStatePark,MAC,1,1,Inner,1,757.17,219.36,0.289710369,63.55086652,0.197737203,DiSpi,24.6,28.4,47.6,28.6,19.5,25.9,18.4,NA,NA,NA,27.57,47.7,48.65,0.95,7,7,0.95,0.00095,0.45,0.09,0.00475,
MachicomocoStatePark,MAC,1,1,Inner,1,757.17,219.36,0.289710369,63.55086652,0.197737203,SpAl,44.5,43.6,47.4,16.8,60.2,69.5,70.6,94.6,58.3,19.1,52.46,49.27,62.6,13.33,10,10,13.33,0.01333,0.45,0.09,0.06665,
MachicomocoStatePark,MAC,1,1,Inner,1,757.17,219.36,0.289710369,63.55086652,0.197737203,SpPat,38.9,50.9,28.9,22,22.8,29.2,15.5,29,34.1,29.6,30.09,47.66,48.89,1.23,115,10,14.145,0.014145,0.45,0.09,0.070725,
MachicomocoStatePark,MAC,1,1,Inner,2,757.17,219.36,0.289710369,63.55086652,0.197737203,SpAl,120.8,61.9,106.5,67.2,42.6,34.1,46.9,51.9,31.8,20.9,58.46,48.89,67.52,18.63,21,10,39.123,0.039123,0.45,0.09,0.195615,
MachicomocoStatePark,MAC,1,1,Inner,3,757.17,219.36,0.289710369,63.55086652,0.197737203,SpAl,70.1,112.5,73.7,59.1,58.8,50.8,48,35.6,47.8,54.5,61.09,49.02,63.52,14.5,19,10,27.55,0.02755,0.45,0.09,0.13775,
MachicomocoStatePark,MAC,1,1,Inner,3,757.17,219.36,0.289710369,63.55086652,0.197737203,SpPat,40,56.7,13.1,38.2,34.4,18.6,31.7,20.3,19,14.6,28.66,47.59,49.56,1.97,77,10,15.169,0.015169,0.45,0.09,0.075845,
MachicomocoStatePark,MAC,1,2,Edge,1,757.17,219.36,0.289710369,63.55086652,0.197737203,SpAl,64.8,52.6,40.1,18.6,21.7,23.9,20.1,NA,NA,NA,34.54,47.4,50.18,2.78,10,7,3.971428571,0.003971429,0.45,0.09,0.019857143,
MachicomocoStatePark,MAC,1,2,Edge,2,757.17,219.36,0.289710369,63.55086652,0.197737203,SpAl,108.9,86.3,57.6,57.3,34.4,52.4,43.1,17.1,22.9,16.9,49.69,47.54,62.5,14.96,22,10,32.912,0.032912,0.45,0.09,0.16456,
MachicomocoStatePark,MAC,1,2,Edge,3,757.17,219.36,0.289710369,63.55086652,0.197737203,SpAl,107.3,95.8,78.4,69.1,57.4,38,34.6,26.4,17.1,13.1,53.72,47.32,68.26,20.94,19,10,39.786,0.039786,0.45,0.09,0.19893,
MachicomocoStatePark,MAC,1,2,Inner,1,757.17,219.36,0.289710369,63.55086652,0.197737203,SpAl,19.2,69,43.6,59.1,65.6,69.8,75.8,NA,NA,NA,57.44,47.58,55.03,7.45,10,7,10.64285714,0.010642857,0.45,0.09,0.053214286,
MachicomocoStatePark,MAC,1,2,Inner,2,757.17,219.36,0.289710369,63.55086652,0.197737203,SpAl,93,72.6,71.1,65.6,71.1,72,54.4,10,9.2,10.8,52.98,47.69,63.82,16.13,18,10,29.034,0.029034,0.45,0.09,0.14517,
MachicomocoStatePark,MAC,1,2,Inner,3,757.17,219.36,0.289710369,63.55086652,0.197737203,SpAl,37,36.8,37.6,45.9,47.5,60.5,71.3,153.1,76.1,73.6,63.94,47.67,68.29,20.62,30,10,61.86,0.06186,0.45,0.09,0.3093,
MachicomocoStatePark,MAC,1,3,Edge,1,757.17,219.36,0.289710369,63.55086652,0.197737203,SpAl,135.5,37.7,55.2,63.7,129,60.9,49.8,45.2,45.2,41.1,66.33,47.85,63.93,16.08,16,10,25.728,0.025728,0.45,0.09,0.12864,
MachicomocoStatePark,MAC,1,3,Edge,2,757.17,219.36,0.289710369,63.55086652,0.197737203,SpAl,64.6,37.7,97.6,47.5,53.6,29.1,69.7,27,16.4,13.6,45.68,47.62,57.26,9.64,12,10,11.568,0.011568,0.45,0.09,0.05784,
MachicomocoStatePark,MAC,1,3,Edge,3,757.17,219.36,0.289710369,63.55086652,0.197737203,SpAl,99,69,42.1,17.3,23.7,14.5,13.8,13,11.7,8.3,31.24,47.74,54.11,6.37,14,10,8.918,0.008918,0.45,0.09,0.04459,
MachicomocoStatePark,MAC,1,3,Inner,1,757.17,219.36,0.289710369,63.55086652,0.197737203,SpAl,83.9,85.6,110.5,90.3,112.3,99.5,35.6,61.2,57.9,48.2,78.5,47.7,76.34,28.64,14,10,40.096,0.040096,0.45,0.09,0.20048,
MachicomocoStatePark,MAC,1,3,Inner,2,757.17,219.36,0.289710369,63.55086652,0.197737203,SpAl,104,109.1,97.1,132.1,98.5,96.8,58.1,97.2,82.8,29.7,90.54,47.55,85.38,37.83,29,10,109.707,0.109707,0.45,0.09,0.548535,
MachicomocoStatePark,MAC,1,3,Inner,3,757.17,219.36,0.289710369,63.55086652,0.197737203,SpAl,116.4,84.7,65.2,83.1,37,47.3,105,69.7,78.5,78.6,76.55,47.75,73.37,25.62,25,10,64.05,0.06405,0.45,0.09,0.32025,
MachicomocoStatePark,MAC,2,1,Edge,1,5183.96,692.45,0.133575491,92.49434843,0.135860956,SpAl,70.4,62.2,57.6,56.5,24.4,21.4,13,23.1,19,14.7,36.23,47.1,52.98,5.88,29,10,17.052,0.017052,0.45,0.09,0.08526,
MachicomocoStatePark,MAC,2,1,Edge,2,5183.96,692.45,0.133575491,92.49434843,0.135860956,SpAl,12.3,47.6,47,47.9,16.1,49.8,46.4,42.9,35,99,44.4,46.5,56.55,10.05,47,10,47.235,0.047235,0.45,0.09,0.236175,
MachicomocoStatePark,MAC,2,1,Edge,3,5183.96,692.45,0.133575491,92.49434843,0.135860956,SpAl,42.5,40.7,58,61.9,14.4,18,37.4,33.9,61.8,37.3,40.59,46.59,52.82,6.23,31,10,19.313,0.019313,0.45,0.09,0.096565,
MachicomocoStatePark,MAC,2,1,Inner,1,5183.96,692.45,0.133575491,92.49434843,0.135860956,DiSpi,19.6,26.8,30.5,31.6,12,15.2,26.6,20.9,31.1,33,24.73,47.29,49.85,2.56,17,10,4.352,0.004352,0.45,0.09,0.02176,
MachicomocoStatePark,MAC,2,1,Inner,1,5183.96,692.45,0.133575491,92.49434843,0.135860956,SpAl,48.1,49.2,51.6,81.1,40.5,37.9,37.4,36.9,32.5,18.5,43.37,47.26,57.19,9.93,34,10,33.762,0.033762,0.45,0.09,0.16881,
MachicomocoStatePark,MAC,2,1,Inner,2,5183.96,692.45,0.133575491,92.49434843,0.135860956,SpAl,24.6,42.9,37.1,73.4,23.8,34.2,24.6,27.9,31.2,36.4,35.61,47.27,57.1,9.83,38,10,37.354,0.037354,0.45,0.09,0.18677,
MachicomocoStatePark,MAC,2,1,Inner,3,5183.96,692.45,0.133575491,92.49434843,0.135860956,SpAl,39.5,23.9,26.4,30.2,31.3,22.6,40.2,31,18.9,61.4,32.54,47.26,52.32,5.06,39,10,19.734,0.019734,0.45,0.09,0.09867,
MachicomocoStatePark,MAC,2,2,Edge,1,5183.96,692.45,0.133575491,92.49434843,0.135860956,SpAl,65.3,69.6,58.2,66.1,63,33.9,23.4,29,20,8,43.65,47.06,51.91,4.85,32,10,15.52,0.01552,0.45,0.09,0.0776,
MachicomocoStatePark,MAC,2,2,Edge,2,5183.96,692.45,0.133575491,92.49434843,0.135860956,SpAl,57.7,43.4,39.3,30.7,27.3,30.5,14.4,8.7,11.5,11.6,27.51,47.49,51.72,4.23,20,10,8.46,0.00846,0.45,0.09,0.0423,
MachicomocoStatePark,MAC,2,2,Edge,3,5183.96,692.45,0.133575491,92.49434843,0.135860956,SpAl,52.6,38.4,27.5,21.9,30,27.6,29.1,12.6,14,10.5,26.42,47.38,50.45,3.07,11,10,3.377,0.003377,0.45,0.09,0.016885,
MachicomocoStatePark,MAC,2,2,Inner,1,5183.96,692.45,0.133575491,92.49434843,0.135860956,SpAl,28.1,36.5,26.7,30.6,20.6,29.6,19.4,25.1,22.1,13.6,25.23,46.79,48.83,2.04,30,10,6.12,0.00612,0.45,0.09,0.0306,
MachicomocoStatePark,MAC,2,2,Inner,2,5183.96,692.45,0.133575491,92.49434843,0.135860956,SpAl,39.6,40.6,37.3,30.5,45.7,31,44.2,43.1,26.6,20.4,35.9,47.05,54.49,7.44,63,10,46.872,0.046872,0.45,0.09,0.23436,
MachicomocoStatePark,MAC,2,2,Inner,3,5183.96,692.45,0.133575491,92.49434843,0.135860956,SpAl,29.2,29.9,28.1,22.6,33.7,33.4,17.8,23.5,15.2,21.8,25.52,47.26,49.47,2.21,64,10,14.144,0.014144,0.45,0.09,0.07072,
MachicomocoStatePark,MAC,2,3,Edge,1,5183.96,692.45,0.133575491,92.49434843,0.135860956,SpAl,62,51.3,35.9,28.6,27.6,24.2,14.5,10.3,NA,NA,31.8,47.44,50.68,3.24,16,8,6.48,0.00648,0.45,0.09,0.0324,
MachicomocoStatePark,MAC,2,3,Edge,2,5183.96,692.45,0.133575491,92.49434843,0.135860956,SpAl,85.7,55.1,70.6,69,60.5,28.2,12.3,13.9,10.7,NA,45.11,47.5,55.71,8.21,24,9,21.89333333,0.021893333,0.45,0.09,0.109466667,
MachicomocoStatePark,MAC,2,3,Edge,3,5183.96,692.45,0.133575491,92.49434843,0.135860956,SpAl,61,59.1,60.4,32.6,17.5,23.6,13.9,10.4,12,12.8,30.33,47.61,52.01,4.4,22,10,9.68,0.00968,0.45,0.09,0.0484,
MachicomocoStatePark,MAC,2,3,Inner,1,5183.96,692.45,0.133575491,92.49434843,0.135860956,SpAl,70,77,62.8,67.5,43.4,61.3,33.6,29.4,55.1,11.2,51.13,47.28,64.76,17.48,39,10,68.172,0.068172,0.45,0.09,0.34086,
MachicomocoStatePark,MAC,2,3,Inner,2,5183.96,692.45,0.133575491,92.49434843,0.135860956,SpAl,77.2,71.3,43,55.4,54.5,51.4,40.6,43.6,20.9,18.2,47.61,47.3,63.89,16.59,41,10,68.019,0.068019,0.45,0.09,0.340095,
MachicomocoStatePark,MAC,2,3,Inner,3,5183.96,692.45,0.133575491,92.49434843,0.135860956,SpAl,50.9,53.3,36.5,34.8,39.8,33.3,39.2,29,27.2,34.8,37.88,47.5,53.96,6.46,45,10,29.07,0.02907,0.45,0.09,0.14535,
MachicomocoStatePark,MAC,3,1,Edge,1,15579.14,1297.46,0.083281876,108.0549024,0.116296164,SpAl,22.9,24.8,36.9,38.3,44.6,38.7,34.9,71.1,60.1,29.3,40.16,47.36,61.43,14.07,11,10,15.477,0.015477,0.45,0.09,0.077385,
MachicomocoStatePark,MAC,3,1,Edge,2,15579.14,1297.46,0.083281876,108.0549024,0.116296164,SpAl,52.3,67.4,52,80.1,79.1,65.2,49.9,35.3,42.9,39.7,56.39,47.66,67.24,19.58,14,10,27.412,0.027412,0.45,0.09,0.13706,
MachicomocoStatePark,MAC,3,1,Edge,3,15579.14,1297.46,0.083281876,108.0549024,0.116296164,SpAl,32.1,81.7,90.3,85.9,91.6,83,77.2,NA,NA,NA,77.4,47.36,69.86,22.5,7,7,22.5,0.0225,0.45,0.09,0.1125,
MachicomocoStatePark,MAC,3,1,Edge,3,15579.14,1297.46,0.083281876,108.0549024,0.116296164,SpPat,42.7,18.4,30.1,37,21.7,21.2,19.5,41.1,31.1,18.2,28.1,47.81,49.18,1.37,342,10,46.854,0.046854,0.45,0.09,0.23427,
MachicomocoStatePark,MAC,3,1,Inner,1,15579.14,1297.46,0.083281876,108.0549024,0.116296164,JuRo,24.2,108,83.1,112.1,89.2,90.2,91,91.2,111.1,95.2,89.53,47.57,58.64,11.07,176,10,194.832,0.194832,0.45,0.09,0.97416,
MachicomocoStatePark,MAC,3,1,Inner,2,15579.14,1297.46,0.083281876,108.0549024,0.116296164,JuRo,40,90.9,88.2,29.6,37.5,96.9,84.1,73.1,85.2,58.8,68.43,47.26,53.87,6.61,154,10,101.794,0.101794,0.45,0.09,0.50897,
MachicomocoStatePark,MAC,3,1,Inner,3,15579.14,1297.46,0.083281876,108.0549024,0.116296164,JuRo,62.1,30.2,58.3,74.1,29.4,43.3,67,73,42.4,48.9,52.87,47.46,51.85,4.39,105,10,46.095,0.046095,0.45,0.09,0.230475,
MachicomocoStatePark,MAC,3,2,Edge,1,15579.14,1297.46,0.083281876,108.0549024,0.116296164,SpAl,8.1,18.2,23.3,81.4,49.1,49.8,45,56.1,35.4,NA,40.71,47.27,51.33,4.06,9,9,4.06,0.00406,0.45,0.09,0.0203,
MachicomocoStatePark,MAC,3,2,Edge,2,15579.14,1297.46,0.083281876,108.0549024,0.116296164,SpAl,7.6,12.9,11.9,14.4,21.7,23.7,35.5,34.2,54.2,57.7,27.38,47.52,50.36,2.84,33,10,9.372,0.009372,0.45,0.09,0.04686,
MachicomocoStatePark,MAC,3,2,Edge,3,15579.14,1297.46,0.083281876,108.0549024,0.116296164,SpAl,8.2,9.6,13.2,12.6,33.4,34.9,50.2,66.5,61.4,54.2,34.42,47.47,51.42,3.95,15,10,5.925,0.005925,0.45,0.09,0.029625,
MachicomocoStatePark,MAC,3,2,Inner,1,15579.14,1297.46,0.083281876,108.0549024,0.116296164,SpAl,22.5,20.3,37.5,35.4,29.1,36.4,26.1,24.6,22.2,29.9,28.4,47.27,49.81,2.54,24,10,6.096,0.006096,0.45,0.09,0.03048,
MachicomocoStatePark,MAC,3,2,Inner,2,15579.14,1297.46,0.083281876,108.0549024,0.116296164,SpAl,42.3,20.7,NA,NA,NA,NA,NA,NA,NA,NA,31.5,47.45,48.53,1.08,40,2,21.6,0.0216,0.45,0.09,0.108,
MachicomocoStatePark,MAC,3,2,Inner,3,15579.14,1297.46,0.083281876,108.0549024,0.116296164,SpAl,9.3,13.1,15.7,21.1,20.3,28,33.3,42.8,34.8,30.4,24.88,47.28,50.62,3.34,44,10,14.696,0.014696,0.45,0.09,0.07348,
MachicomocoStatePark,MAC,3,3,Edge,1,15579.14,1297.46,0.083281876,108.0549024,0.116296164,SpAl,13.9,17.4,15.9,26.5,34.7,35.1,42.4,38.9,46.1,41.7,31.26,47.27,52.14,4.87,24,10,11.688,0.011688,0.45,0.09,0.05844,
MachicomocoStatePark,MAC,3,3,Edge,2,15579.14,1297.46,0.083281876,108.0549024,0.116296164,SpAl,28.6,24.5,32.9,40.2,36.1,33,29,45.1,41.7,50.9,36.2,47.47,52.98,5.51,4,10,2.204,0.002204,0.45,0.09,0.01102,
MachicomocoStatePark,MAC,3,3,Edge,3,15579.14,1297.46,0.083281876,108.0549024,0.116296164,SpAl,9.3,19.4,22.9,24.6,38.1,24.4,39.2,29.6,45.9,62.4,31.58,47.08,50.76,3.68,36,10,13.248,0.013248,0.45,0.09,0.06624,
MachicomocoStatePark,MAC,3,3,Inner,1,15579.14,1297.46,0.083281876,108.0549024,0.116296164,SpAl,7.6,13.2,25.1,28.8,26,32.3,43.4,56.1,62.2,58.6,35.33,47.35,51.28,3.93,30,10,11.79,0.01179,0.45,0.09,0.05895,
MachicomocoStatePark,MAC,3,3,Inner,2,15579.14,1297.46,0.083281876,108.0549024,0.116296164,SpAl,21.8,32.4,36.8,35.9,44.2,42.4,38.2,45,42.9,52.1,39.17,47.39,54.83,7.44,28,10,20.832,0.020832,0.45,0.09,0.10416,
MachicomocoStatePark,MAC,3,3,Inner,3,15579.14,1297.46,0.083281876,108.0549024,0.116296164,SpAl,12.4,38.5,58.9,52.3,69.4,64.1,55,77.1,78.6,65.6,57.19,47.21,65.1,17.89,46,10,82.294,0.082294,0.45,0.09,0.41147,
RaggedIsland,RGI,1,1,Edge,1,1203.25,222.61,0.185007272,41.18446881,0.305124018,JuRo,69.5,60.7,69.4,88.6,129.2,44.5,136.1,117.7,104.9,116.7,93.73,47.38,57.5,10.12,58,10,58.696,0.058696,0.45,0.09,0.29348,
RaggedIsland,RGI,1,1,Edge,2,1203.25,222.61,0.185007272,41.18446881,0.305124018,SpAl,91.6,73.2,67.9,52.6,99.8,73.1,162.6,135.2,135.3,49.9,94.12,47.07,126.84,79.77,9,10,71.793,0.071793,0.45,0.09,0.358965,
RaggedIsland,RGI,1,1,Edge,3,1203.25,222.61,0.185007272,41.18446881,0.305124018,SpAl,90.8,73,112.7,86.9,78.7,114.5,159.6,72.3,84.4,111.3,98.42,47.37,107.71,60.34,20,10,120.68,0.12068,0.45,0.09,0.6034,
RaggedIsland,RGI,1,1,Inner,1,1203.25,222.61,0.185007272,41.18446881,0.305124018,JuRo,87.3,100.8,90,68.9,137.6,158.5,126.5,86.4,116.4,129.5,110.19,46.85,63.57,16.72,68,10,113.696,0.113696,0.45,0.09,0.56848,
RaggedIsland,RGI,1,1,Inner,2,1203.25,222.61,0.185007272,41.18446881,0.305124018,JuRo,116,86.1,105.4,118.7,49.1,121.2,93.3,107.8,105.6,122,102.52,47.23,58.28,11.05,96,10,106.08,0.10608,0.45,0.09,0.5304,
RaggedIsland,RGI,1,1,Inner,3,1203.25,222.61,0.185007272,41.18446881,0.305124018,JuRo,97.1,70.6,101.6,87.5,93.2,96.3,70.6,86.9,92.5,89.4,88.57,47.07,53.44,6.37,34,10,21.658,0.021658,0.45,0.09,0.10829,
RaggedIsland,RGI,1,1,Inner,3,1203.25,222.61,0.185007272,41.18446881,0.305124018,SpAl,79.6,73.4,71.3,133,69.6,NA,NA,NA,NA,NA,85.38,47.01,71.97,24.96,8,5,39.936,0.039936,0.45,0.09,0.19968,
RaggedIsland,RGI,1,2,Edge,1,1203.25,222.61,0.185007272,41.18446881,0.305124018,SpAl,51.1,79.1,86.8,63.3,65.1,75,76.1,68.7,78,69,71.22,47.05,79.18,32.13,12,10,38.556,0.038556,0.45,0.09,0.19278,
RaggedIsland,RGI,1,2,Edge,2,1203.25,222.61,0.185007272,41.18446881,0.305124018,JuRo,50.1,121.7,99.4,123.6,130.8,106.9,86.5,96.9,82.4,84.4,98.27,47.29,57.71,10.42,25,10,26.05,0.02605,0.45,0.09,0.13025,
RaggedIsland,RGI,1,2,Edge,3,1203.25,222.61,0.185007272,41.18446881,0.305124018,JuRo,59.8,49.5,97.8,54,94.1,103.6,125.2,115.6,95.2,118.6,91.34,47.29,57.14,9.85,79,10,77.815,0.077815,0.45,0.09,0.389075,
RaggedIsland,RGI,1,2,Inner,1,1203.25,222.61,0.185007272,41.18446881,0.305124018,JuRo,36.7,34.5,47.7,62.9,57.8,68.9,77.6,91.8,95.6,99,67.25,47.09,53.15,6.06,40,10,24.24,0.02424,0.45,0.09,0.1212,
RaggedIsland,RGI,1,2,Inner,1,1203.25,222.61,0.185007272,41.18446881,0.305124018,SpAl,61.4,61.1,75.5,67.3,67.4,NA,NA,NA,NA,NA,66.54,47.31,54.68,7.37,5,5,7.37,0.00737,0.45,0.09,0.03685,
RaggedIsland,RGI,1,2,Inner,2,1203.25,222.61,0.185007272,41.18446881,0.305124018,JuRo,36.9,54.1,110.7,75.9,86.3,89.1,91.7,93.9,116.3,91,84.59,47.08,53.79,6.71,62,10,41.602,0.041602,0.45,0.09,0.20801,
RaggedIsland,RGI,1,2,Inner,3,1203.25,222.61,0.185007272,41.18446881,0.305124018,JuRo,74.5,50.4,25.7,72.14,60.4,61,74.1,91.8,72.7,88,67.07,47.01,51.52,4.51,10,10,4.51,0.00451,0.45,0.09,0.02255,Relabeled
RaggedIsland,RGI,1,2,Inner,3,1203.25,222.61,0.185007272,41.18446881,0.305124018,SpAl,16.5,46.6,61.5,71.1,78.2,75.1,70.7,99.4,84.7,79.3,68.31,47,66.01,19.01,14,10,26.614,0.026614,0.45,0.09,0.13307,
RaggedIsland,RGI,1,3,Edge,1,1203.25,222.61,0.185007272,41.18446881,0.305124018,SpAl,24.8,95.6,73.9,74.5,79.6,63.9,65.9,71.3,68.5,76.4,69.44,46.73,72.43,25.7,14,10,35.98,0.03598,0.45,0.09,0.1799,Relabeled
RaggedIsland,RGI,1,3,Edge,2,1203.25,222.61,0.185007272,41.18446881,0.305124018,SpAl,47,74.5,84.1,96.8,84.7,22.8,18,NA,NA,NA,61.13,46.95,71.35,24.4,17,7,59.25714286,0.059257143,0.45,0.09,0.296285714,Relabeled
RaggedIsland,RGI,1,3,Edge,3,1203.25,222.61,0.185007272,41.18446881,0.305124018,SpAl,105.9,82.9,93.9,14.2,73.5,19.1,101.1,73.2,NA,NA,70.48,46.96,78.66,31.7,19,8,75.2875,0.0752875,0.45,0.09,0.3764375,
RaggedIsland,RGI,1,3,Inner,1,1203.25,222.61,0.185007272,41.18446881,0.305124018,JuRo,79.8,73.5,105.8,91.5,96.1,84.8,100,74.2,78.5,96.7,88.09,47.07,54.83,7.76,108,10,83.808,0.083808,0.45,0.09,0.41904,
RaggedIsland,RGI,1,3,Inner,2,1203.25,222.61,0.185007272,41.18446881,0.305124018,JuRo,106.2,91.7,69.5,91.4,39.3,86.5,75.7,36,104.5,106.7,80.75,46.99,53.72,6.73,116,10,78.068,0.078068,0.45,0.09,0.39034,
RaggedIsland,RGI,1,3,Inner,3,1203.25,222.61,0.185007272,41.18446881,0.305124018,JuRo,84.8,92.3,51.1,98.3,86.6,73.5,81.3,75.7,21.6,7.8,67.3,46.96,52.82,5.86,72,10,42.192,0.042192,0.45,0.09,0.21096,
RaggedIsland,RGI,2,1,Edge,1,9647.35,843.48,0.087431264,73.74652214,0.170399502,SpAl,86.4,87.4,116.2,98.6,87,105.3,91.9,23.5,34.6,14.9,74.58,47.27,80.36,33.09,30,10,99.27,0.09927,0.45,0.09,0.49635,
RaggedIsland,RGI,2,1,Edge,2,9647.35,843.48,0.087431264,73.74652214,0.170399502,SpAl,56.7,32.9,109.5,69.8,67.4,93.4,87.8,54.4,89.8,76.4,73.81,47.19,79.58,32.39,28,10,90.692,0.090692,0.45,0.09,0.45346,
RaggedIsland,RGI,2,1,Edge,3,9647.35,843.48,0.087431264,73.74652214,0.170399502,SpAl,76.6,127,105.8,90.9,87.6,88.5,87.3,97.1,60.6,26.2,84.76,47.24,88.35,41.11,37,10,152.107,0.152107,0.45,0.09,0.760535,
RaggedIsland,RGI,2,1,Inner,1,9647.35,843.48,0.087431264,73.74652214,0.170399502,SpAl,36.4,66.2,96.8,46,27.3,68.9,19.4,83.6,20.1,35.3,50,46.7,66.37,19.67,23,10,45.241,0.045241,0.45,0.09,0.226205,
RaggedIsland,RGI,2,1,Inner,2,9647.35,843.48,0.087431264,73.74652214,0.170399502,SpAl,53.7,70.5,85.1,52,110.9,106,27.2,59.9,49,42,65.63,47.19,77.93,30.74,17,10,52.258,0.052258,0.45,0.09,0.26129,
RaggedIsland,RGI,2,1,Inner,3,9647.35,843.48,0.087431264,73.74652214,0.170399502,SpAl,101.8,109,65.7,102.6,96.1,73.9,90.9,65.6,95.5,33.1,83.42,46.83,97.22,50.39,31,10,156.209,0.156209,0.45,0.09,0.781045,
RaggedIsland,RGI,2,2,Edge,1,9647.35,843.48,0.087431264,73.74652214,0.170399502,SpAl,131.2,107.1,76.1,51.5,40,29.1,52.4,74,77.8,84.9,72.41,46.43,82.47,36.04,17,10,61.268,0.061268,0.45,0.09,0.30634,
RaggedIsland,RGI,2,2,Edge,2,9647.35,843.48,0.087431264,73.74652214,0.170399502,SpAl,72.8,113.7,89,60.5,101.8,91.8,69.2,54.7,54,71.4,77.89,46.85,87.25,40.4,27,10,109.08,0.10908,0.45,0.09,0.5454,
RaggedIsland,RGI,2,2,Edge,3,9647.35,843.48,0.087431264,73.74652214,0.170399502,SpAl,131.9,77.7,97,90.4,69.4,85.5,95,70.4,38.5,50.4,80.62,46.89,87.21,40.32,30,10,120.96,0.12096,0.45,0.09,0.6048,
RaggedIsland,RGI,2,2,Inner,1,9647.35,843.48,0.087431264,73.74652214,0.170399502,JuRo,85,89.5,54,82.9,68,87.1,101.6,76,48.2,52.5,74.48,46.64,54.04,7.4,10,10,7.4,0.0074,0.45,0.09,0.037,
RaggedIsland,RGI,2,2,Inner,1,9647.35,843.48,0.087431264,73.74652214,0.170399502,SpAl,15.8,95.2,86.5,73.6,55,55.1,88.5,92.7,23.9,33.8,62.01,46.97,82.7,35.73,17,10,60.741,0.060741,0.45,0.09,0.303705,
RaggedIsland,RGI,2,2,Inner,2,9647.35,843.48,0.087431264,73.74652214,0.170399502,JuRo,98.1,106.9,78.3,119.8,89.9,53.9,62,75.4,97.1,65.6,84.7,46.7,57.83,11.13,189,10,210.357,0.210357,0.45,0.09,1.051785,
RaggedIsland,RGI,2,2,Inner,3,9647.35,843.48,0.087431264,73.74652214,0.170399502,JuRo,74.8,101.7,122.3,78.4,104.9,107,77.9,44.5,101.5,94.7,90.77,47.37,56.39,9.02,190,10,171.38,0.17138,0.45,0.09,0.8569,
RaggedIsland,RGI,2,3,Edge,1,9647.35,843.48,0.087431264,73.74652214,0.170399502,SpAl,72.8,68.1,105.1,83.5,85.7,70.8,67.9,118.1,64.9,78.1,81.5,46.52,86.58,40.06,75,10,300.45,0.30045,0.45,0.09,1.50225,
RaggedIsland,RGI,2,3,Edge,2,9647.35,843.48,0.087431264,73.74652214,0.170399502,SpAl,102.8,66.5,144.2,111.2,133.9,144.5,78.4,22.8,52,69.3,92.56,46.64,99.11,52.47,22,10,115.434,0.115434,0.45,0.09,0.57717,
RaggedIsland,RGI,2,3,Edge,3,9647.35,843.48,0.087431264,73.74652214,0.170399502,SpAl,85.8,89.5,96.5,81.8,60,75.3,62.1,94.7,40.2,30.1,71.6,46.88,77.03,30.15,35,10,105.525,0.105525,0.45,0.09,0.527625,
RaggedIsland,RGI,2,3,Inner,1,9647.35,843.48,0.087431264,73.74652214,0.170399502,JuRo,34.2,91.4,82.9,76.8,106.7,91.6,91.4,108,74.5,96.9,85.44,46.95,57.24,10.29,199,10,204.771,0.204771,0.45,0.09,1.023855,
RaggedIsland,RGI,2,3,Inner,2,9647.35,843.48,0.087431264,73.74652214,0.170399502,JuRo,68.1,108.2,118.9,96,113.7,116.5,106.7,69,41.2,30.6,86.89,46.98,56.26,9.28,218,10,202.304,0.202304,0.45,0.09,1.01152,
RaggedIsland,RGI,2,3,Inner,3,9647.35,843.48,0.087431264,73.74652214,0.170399502,JuRo,57.8,65.2,59.7,37.2,49.4,80.9,49.6,87,66.9,38.9,59.26,49.65,52.05,2.4,73,10,17.52,0.01752,0.45,0.09,0.0876,
RaggedIsland,RGI,2,3,Inner,3,9647.35,843.48,0.087431264,73.74652214,0.170399502,SpAl,122.3,90.9,38.4,63.3,25.6,10.9,11.7,806,10.1,80.2,125.94,46.67,65.45,18.78,24,10,45.072,0.045072,0.45,0.09,0.22536,
RaggedIsland,RGI,3,1,Edge,1,17089.91,1283.89,0.075125615,96.45302591,0.130284877,SpAl,117.8,135.7,22.2,64.3,72,49,93.8,44.6,59.2,111.1,76.97,47.1,74.71,27.61,15,10,41.415,0.041415,0.45,0.09,0.207075,
RaggedIsland,RGI,3,1,Edge,2,17089.91,1283.89,0.075125615,96.45302591,0.130284877,SpAl,76.7,77.3,54.9,78.5,62.5,70.8,49.5,33.1,41,NA,60.48,47.01,59.57,12.56,13,9,18.14222222,0.018142222,0.45,0.09,0.090711111,
RaggedIsland,RGI,3,1,Edge,3,17089.91,1283.89,0.075125615,96.45302591,0.130284877,SpAl,64.3,35.8,47.3,54.8,44,76.6,76.9,15.3,25.8,15.8,45.66,47.71,55.6,7.89,26,10,20.514,0.020514,0.45,0.09,0.10257,
RaggedIsland,RGI,3,1,Inner,1,17089.91,1283.89,0.075125615,96.45302591,0.130284877,SpAl,37.6,19.7,40.4,45.2,19.7,8.1,43.5,28.6,26.3,45,31.41,46.58,51.15,4.57,46,10,21.022,0.021022,0.45,0.09,0.10511,
RaggedIsland,RGI,3,1,Inner,2,17089.91,1283.89,0.075125615,96.45302591,0.130284877,SpAl,45.9,47.1,50,42.8,40.2,33.8,33,35.6,18.4,29,37.58,47.74,52.77,5.03,39,10,19.617,0.019617,0.45,0.09,0.098085,
RaggedIsland,RGI,3,1,Inner,3,17089.91,1283.89,0.075125615,96.45302591,0.130284877,SpAl,12.2,15.4,23.5,16.6,23.8,42.5,37.7,15.5,25.4,37.7,25.03,47.52,49.01,1.49,40,10,5.96,0.00596,0.45,0.09,0.0298,
RaggedIsland,RGI,3,2,Edge,1,17089.91,1283.89,0.075125615,96.45302591,0.130284877,SpAl,55.2,58.1,52,69.4,69.7,53.6,52.4,67,91,75.9,64.43,47.1,63.83,16.73,29,10,48.517,0.048517,0.45,0.09,0.242585,
RaggedIsland,RGI,3,2,Edge,2,17089.91,1283.89,0.075125615,96.45302591,0.130284877,SpAl,64.5,56.5,82,59.7,20.5,60.2,26.7,26.2,26,25.9,44.82,47.25,63.49,16.24,15,10,24.36,0.02436,0.45,0.09,0.1218,
RaggedIsland,RGI,3,2,Edge,3,17089.91,1283.89,0.075125615,96.45302591,0.130284877,SpAl,12.6,73.8,39.8,37.9,59.5,58.4,62.9,58.4,72,132.7,60.8,46.55,69.27,22.72,13,10,29.536,0.029536,0.45,0.09,0.14768,
RaggedIsland,RGI,3,2,Inner,1,17089.91,1283.89,0.075125615,96.45302591,0.130284877,SpAl,22.2,22.7,36.8,53.8,51.4,45,55.9,62.9,63.2,63,47.69,46.85,55.89,9.04,29,10,26.216,0.026216,0.45,0.09,0.13108,
RaggedIsland,RGI,3,2,Inner,2,17089.91,1283.89,0.075125615,96.45302591,0.130284877,SpAl,11.7,15.8,25.5,49.7,21,24.4,26.4,32.2,40.7,46.4,29.38,46.86,47.14,0.28,19,10,0.532,0.000532,0.45,0.09,0.00266,
RaggedIsland,RGI,3,2,Inner,3,17089.91,1283.89,0.075125615,96.45302591,0.130284877,SpAl,15.1,16.3,31.8,46.6,38.4,46.9,48.5,29.4,45.7,45.6,36.43,47.05,51.04,3.99,40,10,15.96,0.01596,0.45,0.09,0.0798,
RaggedIsland,RGI,3,3,Edge,1,17089.91,1283.89,0.075125615,96.45302591,0.130284877,JuRo,106.3,114.9,115.8,100.8,62.6,92.4,101.2,98.5,111.4,104.6,100.85,47.25,60.25,13,83,10,107.9,0.1079,0.45,0.09,0.5395,
RaggedIsland,RGI,3,3,Edge,2,17089.91,1283.89,0.075125615,96.45302591,0.130284877,JuRo,59.5,98.2,169.8,79.1,89.1,73.2,82.2,88.4,79.2,97.2,91.59,47.32,57,9.68,117,10,113.256,0.113256,0.45,0.09,0.56628,
RaggedIsland,RGI,3,3,Edge,3,17089.91,1283.89,0.075125615,96.45302591,0.130284877,JuRo,89.1,120.6,67.1,111.2,129.3,101.6,124.2,101.1,107.8,57.4,100.94,47.26,59.36,12.1,59,10,71.39,0.07139,0.45,0.09,0.35695,
RaggedIsland,RGI,3,3,Inner,1,17089.91,1283.89,0.075125615,96.45302591,0.130284877,JuRo,103.1,117.2,99,91.8,85.4,118.9,106.3,94.9,28.3,30.2,87.51,47.18,58.55,11.37,38,10,43.206,0.043206,0.45,0.09,0.21603,
RaggedIsland,RGI,3,3,Inner,2,17089.91,1283.89,0.075125615,96.45302591,0.130284877,JuRo,107.6,117.9,89.1,117.4,133.4,95.9,49.6,110.4,112.8,78,101.21,47.2,61.74,14.54,68,10,98.872,0.098872,0.45,0.09,0.49436,
RaggedIsland,RGI,3,3,Inner,3,17089.91,1283.89,0.075125615,96.45302591,0.130284877,SpAl,12.6,17.5,21,20.1,39.9,31.6,42,66.5,34.5,70.4,35.61,47.1,52.01,4.91,17,10,8.347,0.008347,0.45,0.09,0.041735,
